{
  "batch_size": 64,
  "dropout": 0.2682338815910926,
  "hidden_dim": 32,
  "learning_rate": 0.0003146886599734296,
  "lstm_dropout": 0.15465267146441386,
  "lstm_num_layers": 1,
  "num_attention_heads": 4,
  "num_epochs": 15,
  "num_transformer_layers": 1,
  "weight_decay": 0.00016250065721234365,
  "weight_dropout": 0.24087490892419347,
  "weight_hidden_dim": 16
}