{
  "batch_size": 256,
  "dropout": 0.2245658226430178,
  "hidden_dim": 64,
  "learning_rate": 0.00018721015741120456,
  "lstm_dropout": 0.24021576447648949,
  "lstm_num_layers": 1,
  "num_attention_heads": 4,
  "num_epochs": 15,
  "num_transformer_layers": 1,
  "weight_decay": 4.370021901575425e-05,
  "weight_dropout": 0.18900227900111397,
  "weight_hidden_dim": 16
}