{
  "batch_size": 64,
  "dropout": 0.16853451553483345,
  "hidden_dim": 32,
  "learning_rate": 0.0008899538084160244,
  "lstm_dropout": 0.2035679044370364,
  "lstm_num_layers": 2,
  "num_attention_heads": 4,
  "num_epochs": 15,
  "num_transformer_layers": 1,
  "weight_decay": 0.00019878058372238512,
  "weight_dropout": 0.1999938603258219,
  "weight_hidden_dim": 32
}