{
  "batch_size": 128,
  "dropout": 0.3104637253008861,
  "hidden_dim": 128,
  "learning_rate": 0.00013472394766937971,
  "lstm_dropout": 0.1482333657718175,
  "lstm_num_layers": 1,
  "num_attention_heads": 4,
  "num_epochs": 15,
  "num_transformer_layers": 1,
  "weight_decay": 0.00013869691188993826,
  "weight_dropout": 0.24186656318089203,
  "weight_hidden_dim": 32
}