{
  "batch_size": 256,
  "dropout": 0.1148833317763034,
  "hidden_dim": 32,
  "learning_rate": 0.0003811425991691423,
  "lstm_dropout": 0.20981850262812507,
  "lstm_num_layers": 2,
  "num_attention_heads": 4,
  "num_epochs": 15,
  "num_transformer_layers": 1,
  "weight_decay": 1.628879922662319e-05,
  "weight_dropout": 0.2191582131888624,
  "weight_hidden_dim": 16
}