{
  "batch_size": 256,
  "dropout": 0.1933628584478307,
  "hidden_dim": 64,
  "learning_rate": 0.00030761559494790953,
  "lstm_dropout": 0.2727923593849537,
  "lstm_num_layers": 1,
  "num_attention_heads": 4,
  "num_epochs": 15,
  "num_transformer_layers": 1,
  "weight_decay": 0.00031532011891931446,
  "weight_dropout": 0.29532671077627787,
  "weight_hidden_dim": 64
}