{
  "batch_size": 64,
  "dropout": 0.2015086992528187,
  "hidden_dim": 32,
  "learning_rate": 0.00027509244163606474,
  "lstm_dropout": 0.12742630237372216,
  "lstm_num_layers": 1,
  "num_attention_heads": 4,
  "num_epochs": 15,
  "num_transformer_layers": 1,
  "weight_decay": 6.178380757685551e-05,
  "weight_dropout": 0.22218160381536362,
  "weight_hidden_dim": 16
}