{
  "batch_size": 64,
  "dropout": 0.15608270362017762,
  "hidden_dim": 64,
  "learning_rate": 0.0005059646675066798,
  "lstm_dropout": 0.1499413741224359,
  "lstm_num_layers": 2,
  "num_attention_heads": 2,
  "num_epochs": 15,
  "num_transformer_layers": 2,
  "weight_decay": 4.8526320302844444e-05,
  "weight_dropout": 0.13006585340338886,
  "weight_hidden_dim": 48
}