{
  "batch_size": 64,
  "dropout": 0.3770845418842035,
  "hidden_dim": 32,
  "learning_rate": 0.001563071585405435,
  "lstm_dropout": 0.28349790451430407,
  "lstm_num_layers": 2,
  "num_attention_heads": 2,
  "num_epochs": 15,
  "num_transformer_layers": 1,
  "weight_decay": 0.0003877982835539912,
  "weight_dropout": 0.2146287910051623,
  "weight_hidden_dim": 48
}