{
  "batch_size": 128,
  "dropout": 0.21105176514182977,
  "hidden_dim": 32,
  "learning_rate": 0.00022539829437640352,
  "lstm_dropout": 0.2026952013523814,
  "lstm_num_layers": 1,
  "num_attention_heads": 4,
  "num_epochs": 15,
  "num_transformer_layers": 2,
  "weight_decay": 0.0006778464552457307,
  "weight_dropout": 0.15275945557931492,
  "weight_hidden_dim": 32
}