{
  "batch_size": 128,
  "dropout": 0.2614728288655928,
  "hidden_dim": 32,
  "learning_rate": 0.0008831690059881049,
  "lstm_dropout": 0.11597379036449194,
  "lstm_num_layers": 1,
  "num_attention_heads": 4,
  "num_epochs": 15,
  "num_transformer_layers": 3,
  "weight_decay": 0.0001212363933524173,
  "weight_dropout": 0.15978674967582213,
  "weight_hidden_dim": 48
}