{"trial_data": [["{\n  \"stub\": false,\n  \"trainable_name\": \"train_model_trial\",\n  \"trial_id\": \"f5c5cba7\",\n  \"storage\": {\n    \"_type\": \"CLOUDPICKLE_FALLBACK\",\n    \"value\": \"8005953f030000000000008c1b7261792e747261696e2e5f696e7465726e616c2e73746f72616765948c0e53746f72616765436f6e746578749493942981947d94288c12637573746f6d5f66735f70726f766964656494898c136578706572696d656e745f6469725f6e616d65948c1f6d6f6d656e74756d5f74756e696e675f32303235313230345f303035303332948c0e747269616c5f6469725f6e616d65948c96747261696e5f6d6f64656c5f747269616c5f66356335636261375f315f62617463685f73697a653d36342c64726f706f75743d302e313437382c68696464656e5f64696d3d33322c6c6561726e696e675f726174653d302e303030312c6c73746d5f64726f706f75743d302e323030302c6c73746d5f6e756d5f6c61796572733d325f323032352d31322d30345f30302d35302d3332948c1863757272656e745f636865636b706f696e745f696e646578944affffffff8c0b73796e635f636f6e666967948c0f7261792e74756e652e73796e636572948c0a53796e63436f6e6669679493942981947d94288c0b73796e635f706572696f64944d2c018c0c73796e635f74696d656f7574944d08078c0e73796e635f61727469666163747394898c1c73796e635f6172746966616374735f6f6e5f636865636b706f696e74948875628c1273746f726167655f66696c6573797374656d948c0b70796172726f772e5f6673948c1446696c6553797374656d2e5f66726f6d5f7572699493948c0966696c653a2f2f2f5f94859452948c0f73746f726167655f66735f70617468948c492f55736572732f72617979616e77617365656d2f4465736b746f702f50726f6a656374732f4d6f6d656e74756d2050726f6a6563742f6f7574707574732f7261795f726573756c7473948c0673796e6365729468008c115f46696c6573797374656d53796e6365729493942981947d94286815681b68114d2c0168124d08078c116c6173745f73796e635f75705f74696d659447fff00000000000008c136c6173745f73796e635f646f776e5f74696d659447fff00000000000008c0d5f73796e635f70726f63657373944e8c0c5f63757272656e745f636d64944e75628c0a5f74696d657374616d70948c13323032352d31322d30345f30302d35302d33329475622e\"\n  },\n  \"config\": {\n    \"hidden_dim\": 32,\n    \"num_transformer_layers\": 2,\n    \"num_attention_heads\": 2,\n    \"dropout\": 0.14780549165541762,\n    \"lstm_num_layers\": 2,\n    \"lstm_dropout\": 0.2,\n    \"learning_rate\": 0.00010301642206591946,\n    \"weight_decay\": 2.7362283355985373e-06,\n    \"batch_size\": 64,\n    \"weight_hidden_dim\": 32,\n    \"weight_dropout\": 0.2,\n    \"num_epochs\": 10\n  },\n  \"_Trial__unresolved_config\": {\n    \"hidden_dim\": 32,\n    \"num_transformer_layers\": 2,\n    \"num_attention_heads\": 2,\n    \"dropout\": 0.14780549165541762,\n    \"lstm_num_layers\": 2,\n    \"lstm_dropout\": 0.2,\n    \"learning_rate\": 0.00010301642206591946,\n    \"weight_decay\": 2.7362283355985373e-06,\n    \"batch_size\": 64,\n    \"weight_hidden_dim\": 32,\n    \"weight_dropout\": 0.2,\n    \"num_epochs\": 10\n  },\n  \"evaluated_params\": {\n    \"batch_size\": 64,\n    \"dropout\": 0.14780549165541762,\n    \"hidden_dim\": 32,\n    \"learning_rate\": 0.00010301642206591946,\n    \"lstm_dropout\": 0.2,\n    \"lstm_num_layers\": 2,\n    \"num_attention_heads\": 2,\n    \"num_epochs\": 10,\n    \"num_transformer_layers\": 2,\n    \"weight_decay\": 2.7362283355985373e-06,\n    \"weight_dropout\": 0.2,\n    \"weight_hidden_dim\": 32\n  },\n  \"experiment_tag\": \"1_batch_size=64,dropout=0.1478,hidden_dim=32,learning_rate=0.0001,lstm_dropout=0.2000,lstm_num_layers=2,num_attention_heads=2,num_epochs=10,num_transformer_layers=2,weight_decay=0.0000,weight_dropout=0.2000,weight_hidden_dim=32\",\n  \"stopping_criterion\": {\n    \"training_iteration\": 10\n  },\n  \"_setup_default_resource\": true,\n  \"_default_placement_group_factory\": \"800595aa000000000000008c237261792e74756e652e657865637574696f6e2e706c6163656d656e745f67726f757073948c15506c6163656d656e7447726f7570466163746f72799493942981947d94288c085f62756e646c6573945d947d948c034350559447400000000000000073618c155f686561645f62756e646c655f69735f656d70747994898c095f7374726174656779948c045041434b948c055f6172677394298c075f6b7761726773947d9475622e\",\n  \"placement_group_factory\": \"800595aa000000000000008c237261792e74756e652e657865637574696f6e2e706c6163656d656e745f67726f757073948c15506c6163656d656e7447726f7570466163746f72799493942981947d94288c085f62756e646c6573945d947d948c034350559447400000000000000073618c155f686561645f62756e646c655f69735f656d70747994898c095f7374726174656779948c045041434b948c055f6172677394298c075f6b7761726773947d9475622e\",\n  \"log_to_file\": [\n    null,\n    null\n  ],\n  \"max_failures\": 0,\n  \"_default_result_or_future\": null,\n  \"export_formats\": [],\n  \"status\": \"PENDING\",\n  \"relative_logdir\": \"train_model_trial_f5c5cba7_1_batch_size=64,dropout=0.1478,hidden_dim=32,learning_rate=0.0001,lstm_dropout=0.2000,lstm_num_layers=2_2025-12-04_00-50-32\",\n  \"trial_name_creator\": null,\n  \"trial_dirname_creator\": null,\n  \"custom_trial_name\": null,\n  \"custom_dirname\": null,\n  \"restore_path\": null,\n  \"_restore_checkpoint_result\": null,\n  \"_state_json\": null,\n  \"results\": \"80054e2e\",\n  \"extra_arg\": \"80054e2e\",\n  \"_resources\": \"80054e2e\"\n}", "{\n  \"start_time\": null,\n  \"num_failures\": 0,\n  \"num_failures_after_restore\": 0,\n  \"error_filename\": null,\n  \"pickled_error_filename\": null,\n  \"last_result\": {},\n  \"last_result_time\": -Infinity,\n  \"metric_analysis\": {},\n  \"_n_steps\": [\n    5,\n    10\n  ],\n  \"metric_n_steps\": {},\n  \"checkpoint_manager\": {\n    \"_type\": \"CLOUDPICKLE_FALLBACK\",\n    \"value\": \"80059583010000000000008c267261792e747261696e2e5f696e7465726e616c2e636865636b706f696e745f6d616e61676572948c125f436865636b706f696e744d616e616765729493942981947d94288c125f636865636b706f696e745f636f6e666967948c087261792e74756e65948c10436865636b706f696e74436f6e6669679493942981947d94288c0b6e756d5f746f5f6b656570944e8c1a636865636b706f696e745f73636f72655f617474726962757465944e8c16636865636b706f696e745f73636f72655f6f72646572948c036d6178948c14636865636b706f696e745f6672657175656e6379944b008c11636865636b706f696e745f61745f656e64944e8c1a5f636865636b706f696e745f6b6565705f616c6c5f72616e6b73948c0a44455052454341544544948c1f5f636865636b706f696e745f75706c6f61645f66726f6d5f776f726b65727394681275628c135f636865636b706f696e745f726573756c7473945d948c195f6c61746573745f636865636b706f696e745f726573756c74944e75622e\"\n  }\n}"]], "runner_data": {"_earliest_stopping_actor": Infinity, "_actor_cleanup_timeout": 600, "_actor_force_cleanup_timeout": 10, "_reuse_actors": false, "_buffer_length": 1, "_buffer_min_time_s": 0.0, "_buffer_max_time_s": 100.0, "_max_pending_trials": 1, "_metric": null, "_total_time": 0, "_iteration": 17726, "_has_errored": false, "_fail_fast": false, "_print_trial_errors": true, "_cached_trial_decisions": {}, "_queued_trial_decisions": {}, "_should_stop_experiment": false, "_stopper": {"_type": "CLOUDPICKLE_FALLBACK", "value": "8005952c000000000000008c157261792e74756e652e73746f707065722e6e6f6f70948c0b4e6f6f7053746f707065729493942981942e"}, "_start_time": 1764827432.982773, "_session_str": "2025-12-04_00-50-32", "_checkpoint_period": "auto", "_trial_checkpoint_config": {"_type": "CLOUDPICKLE_FALLBACK", "value": "800595f1000000000000008c087261792e74756e65948c10436865636b706f696e74436f6e6669679493942981947d94288c0b6e756d5f746f5f6b656570944e8c1a636865636b706f696e745f73636f72655f617474726962757465944e8c16636865636b706f696e745f73636f72655f6f72646572948c036d6178948c14636865636b706f696e745f6672657175656e6379944b008c11636865636b706f696e745f61745f656e64944e8c1a5f636865636b706f696e745f6b6565705f616c6c5f72616e6b73948c0a44455052454341544544948c1f5f636865636b706f696e745f75706c6f61645f66726f6d5f776f726b65727394680c75622e"}, "_resumed": false}, "stats": {"start_time": 1764827432.982773}}