{
  "batch_size": 128,
  "dropout": 0.32446672379678815,
  "hidden_dim": 64,
  "learning_rate": 0.00011874359341849122,
  "lstm_dropout": 0.17233535141913053,
  "lstm_num_layers": 1,
  "num_attention_heads": 8,
  "num_epochs": 15,
  "num_transformer_layers": 2,
  "weight_decay": 1.3191724768319243e-05,
  "weight_dropout": 0.21128008799326772,
  "weight_hidden_dim": 16
}