{
  "batch_size": 128,
  "dropout": 0.11335575863954066,
  "hidden_dim": 64,
  "learning_rate": 0.0002627292111500857,
  "lstm_dropout": 0.22755525769354557,
  "lstm_num_layers": 1,
  "num_attention_heads": 2,
  "num_epochs": 15,
  "num_transformer_layers": 2,
  "weight_decay": 5.3590955438213606e-05,
  "weight_dropout": 0.2288603159195086,
  "weight_hidden_dim": 32
}