{
  "batch_size": 64,
  "dropout": 0.29414059393227077,
  "hidden_dim": 64,
  "learning_rate": 0.00038922087695773296,
  "lstm_dropout": 0.1500784875837194,
  "lstm_num_layers": 2,
  "num_attention_heads": 4,
  "num_epochs": 15,
  "num_transformer_layers": 1,
  "weight_decay": 0.00020041947097227276,
  "weight_dropout": 0.2988378983240443,
  "weight_hidden_dim": 48
}