{
  "batch_size": 64,
  "dropout": 0.2081081653281893,
  "hidden_dim": 32,
  "learning_rate": 0.0010151719126269753,
  "lstm_dropout": 0.16397517413413695,
  "lstm_num_layers": 1,
  "num_attention_heads": 4,
  "num_epochs": 15,
  "num_transformer_layers": 1,
  "weight_decay": 1.1542531507451052e-05,
  "weight_dropout": 0.2761382312407379,
  "weight_hidden_dim": 16
}