{
  "batch_size": 64,
  "dropout": 0.1486066662434508,
  "hidden_dim": 128,
  "learning_rate": 0.00047559830827224306,
  "lstm_dropout": 0.2726999569291682,
  "lstm_num_layers": 2,
  "num_attention_heads": 4,
  "num_epochs": 15,
  "num_transformer_layers": 2,
  "weight_decay": 7.523360556771917e-05,
  "weight_dropout": 0.21012762152736938,
  "weight_hidden_dim": 64
}