{
  "batch_size": 64,
  "dropout": 0.16570917451498943,
  "hidden_dim": 32,
  "learning_rate": 0.0006298655832593445,
  "lstm_dropout": 0.17974754355960554,
  "lstm_num_layers": 2,
  "num_attention_heads": 2,
  "num_epochs": 15,
  "num_transformer_layers": 1,
  "weight_decay": 0.00015175988058113108,
  "weight_dropout": 0.19249011276297742,
  "weight_hidden_dim": 48
}