{
  "batch_size": 256,
  "dropout": 0.10205616303145768,
  "hidden_dim": 64,
  "learning_rate": 0.00010056792403989015,
  "lstm_dropout": 0.21863758215704607,
  "lstm_num_layers": 1,
  "num_attention_heads": 2,
  "num_epochs": 15,
  "num_transformer_layers": 3,
  "weight_decay": 0.0001562118067265239,
  "weight_dropout": 0.1693788734359981,
  "weight_hidden_dim": 16
}