{
  "batch_size": 128,
  "dropout": 0.18634882144800308,
  "hidden_dim": 64,
  "learning_rate": 0.00020274414000701378,
  "lstm_dropout": 0.24191196685719418,
  "lstm_num_layers": 1,
  "num_attention_heads": 8,
  "num_epochs": 15,
  "num_transformer_layers": 1,
  "weight_decay": 4.319677028499919e-05,
  "weight_dropout": 0.17894678138520742,
  "weight_hidden_dim": 16
}