{
  "batch_size": 64,
  "dropout": 0.20994067645251988,
  "hidden_dim": 32,
  "learning_rate": 0.0006086531265731682,
  "lstm_dropout": 0.29464098972144614,
  "lstm_num_layers": 1,
  "num_attention_heads": 8,
  "num_epochs": 15,
  "num_transformer_layers": 2,
  "weight_decay": 1.1749437758256598e-06,
  "weight_dropout": 0.20982038588843013,
  "weight_hidden_dim": 64
}