{
  "batch_size": 256,
  "dropout": 0.22560154774424035,
  "hidden_dim": 64,
  "learning_rate": 0.00022230431421620743,
  "lstm_dropout": 0.1832787098111285,
  "lstm_num_layers": 2,
  "num_attention_heads": 2,
  "num_epochs": 15,
  "num_transformer_layers": 1,
  "weight_decay": 3.116169508940601e-05,
  "weight_dropout": 0.23727416246250158,
  "weight_hidden_dim": 32
}