{
  "batch_size": 256,
  "dropout": 0.18108206622836454,
  "hidden_dim": 64,
  "learning_rate": 0.00022310798331270093,
  "lstm_dropout": 0.19615572342402424,
  "lstm_num_layers": 1,
  "num_attention_heads": 2,
  "num_epochs": 15,
  "num_transformer_layers": 1,
  "weight_decay": 6.130175292204136e-06,
  "weight_dropout": 0.21740282650290638,
  "weight_hidden_dim": 16
}