{
  "batch_size": 64,
  "dropout": 0.2709828896460438,
  "hidden_dim": 32,
  "learning_rate": 0.002006677096266839,
  "lstm_dropout": 0.24375284695538388,
  "lstm_num_layers": 1,
  "num_attention_heads": 2,
  "num_epochs": 15,
  "num_transformer_layers": 3,
  "weight_decay": 3.4508905968474796e-05,
  "weight_dropout": 0.2796383845788562,
  "weight_hidden_dim": 16
}