{
  "batch_size": 128,
  "dropout": 0.21954186353990893,
  "hidden_dim": 64,
  "learning_rate": 0.00031760857267664025,
  "lstm_dropout": 0.16378541543811678,
  "lstm_num_layers": 1,
  "num_attention_heads": 8,
  "num_epochs": 15,
  "num_transformer_layers": 2,
  "weight_decay": 5.020411223162027e-06,
  "weight_dropout": 0.18826307943542767,
  "weight_hidden_dim": 32
}