{
  "batch_size": 256,
  "dropout": 0.26799883332563795,
  "hidden_dim": 128,
  "learning_rate": 0.0006412905019797419,
  "lstm_dropout": 0.19252593440545196,
  "lstm_num_layers": 1,
  "num_attention_heads": 2,
  "num_epochs": 15,
  "num_transformer_layers": 1,
  "weight_decay": 0.00010278665035842387,
  "weight_dropout": 0.2864358353976262,
  "weight_hidden_dim": 64
}