{
  "batch_size": 128,
  "dropout": 0.2084365637657034,
  "hidden_dim": 64,
  "learning_rate": 0.0006439771403810284,
  "lstm_dropout": 0.281272088741511,
  "lstm_num_layers": 1,
  "num_attention_heads": 2,
  "num_epochs": 15,
  "num_transformer_layers": 2,
  "weight_decay": 2.0369114816348897e-06,
  "weight_dropout": 0.10547347173276755,
  "weight_hidden_dim": 32
}